Name,mode,label,scale,eta,validity,fid,sfid,is,precision,recall
guide_mode=classifier+scale=2.0+label=8,classifier,8,2,1,0.9976,22.58354913,41.13585284,1.425696254,0.845703125,0.531827515
guide_mode=classifier+scale=2.0+label=4,classifier,4,2,1,0.9971,18.72420807,41.84553924,1.613830924,0.829589844,0.631364562
guide_mode=classifier+scale=0.5+label=1,classifier,1,0.5,1,0.9292,10.4105765,20.43281717,1.685035467,0.768554688,0.786784141
guide_mode=classifier+scale=1.0+label=4,classifier,4,1,1,0.9932,11.7751727,27.52605915,1.631580114,0.803710938,0.693482688
guide_mode=classifier+scale=1.0+label=8,classifier,8,1,1,0.9888,12.50911993,28.83115293,1.447191834,0.828125,0.667351129
guide_mode=classifier+scale=1.0+label=1,classifier,1,1,1,0.9868,8.146957232,20.45294405,1.588499188,0.841796875,0.739207048
guide_mode=manifold+scale=20+label=4,manifold,4,20,1,0.9844,11.27771545,28.39424404,1.565447569,0.728027344,0.755600815
guide_mode=classifier+scale=2.0+label=6,classifier,6,2,1,0.9834,19.18679203,28.85978612,1.639851809,0.788574219,0.630480167
guide_mode=dynamic-nog-0.1+scale=100+label=4,dynamic-nog-0.1,4,100,1,0.9814,11.37118923,27.67684686,1.575608492,0.747558594,0.751527495
guide_mode=dynamic-fonly+scale=100+label=4,dynamic-fonly,4,100,1,0.9805,11.7003074,28.21004964,1.574166417,0.735839844,0.737270876
guide_mode=dynamic-nog-0.5*a+scale=100+label=4,dynamic-nog-0.5*a,4,100,1,0.9795,11.09088503,26.61484469,1.581266522,0.735351563,0.753564155
guide_mode=dynamic-two-0.1*a*(1-a)+scale=100+label=4,dynamic-two-0.1*a*(1-a),4,100,1,0.979,11.2801231,27.90331311,1.572520256,0.732910156,0.769857434
guide_mode=dynamic-one-0.1*(1-a)+scale=100+label=4,dynamic-one-0.1*(1-a),4,100,1,0.9785,32.04419788,66.27050487,1.722495079,0.227050781,0.720977597
guide_mode=dynamic-nog-0.5+scale=100+label=4,dynamic-nog-0.5,4,100,1,0.9785,11.09772231,27.42598686,1.558021903,0.745117188,0.759674134
guide_mode=dynamic-two-0.5*a-0.5*(1-a)+scale=100+label=4,dynamic-two-0.5*a-0.5*(1-a),4,100,1,0.978,11.29625339,27.03955627,1.575887203,0.702148438,0.804480652
guide_mode=dynamic-one-0.5*(1-a)+scale=100+label=4,dynamic-one-0.5*(1-a),4,100,1,0.9766,33.93324314,68.88273493,1.747805119,0.188964844,0.6598778
guide_mode=manifold+scale=50+label=4,manifold,4,50,1,0.9766,15.12856125,31.79173267,1.617807627,0.654296875,0.755600815
guide_mode=dynamic-two-0.5*a*(1-a)+scale=100+label=4,dynamic-two-0.5*a*(1-a),4,100,1,0.9766,11.21463658,28.1125014,1.559855103,0.737792969,0.769857434
guide_mode=dynamic-one-0.1*(1-a)+scale=50+label=4,dynamic-one-0.1*(1-a),4,50,1,0.9751,31.36481612,64.16222595,1.774160385,0.257324219,0.697556008
guide_mode=dynamic-one-0.1*(1-a)+scale=50+label=4,dynamic-one-0.1*(1-a),4,50,1,0.9751,31.36481612,64.16222595,1.774160385,0.257324219,0.697556008
guide_mode=dynamic-nog-0.1*a+scale=100+label=4,dynamic-nog-0.1*a,4,100,1,0.9717,11.2065964,26.98756922,1.580064535,0.737304688,0.733197556
guide_mode=dynamic-nog-0.5+scale=50+label=4,dynamic-nog-0.5,4,50,1,0.9707,10.90586304,28.00880954,1.597252607,0.748535156,0.743380855
guide_mode=dynamic-nog-0.5*a+scale=50+label=4,dynamic-nog-0.5*a,4,50,1,0.9663,10.86249878,26.87029606,1.614187002,0.729003906,0.762729124
guide_mode=dynamic-one-0.5*(1-a)+scale=50+label=4,dynamic-one-0.5*(1-a),4,50,1,0.9648,32.61308113,66.32792639,1.789206028,0.208007813,0.694501018
guide_mode=dynamic-nog-0.1*a+scale=50+label=4,dynamic-nog-0.1*a,4,50,1,0.9648,10.89345273,27.65276987,1.609080791,0.732910156,0.782077393
guide_mode=dynamic-two-0.1*a-0.1*(1-a)+scale=50+label=4,dynamic-two-0.1*a-0.1*(1-a),4,50,1,0.9644,10.51928366,27.3476245,1.606145263,0.734375,0.759674134
guide_mode=dynamic-two-0.5*a-0.5*(1-a)+scale=50+label=4,dynamic-two-0.5*a-0.5*(1-a),4,50,1,0.9644,10.40893,27.08357422,1.599231124,0.724609375,0.816700611
guide_mode=classifier+scale=0.5+label=8,classifier,8,0.5,1,0.9639,8.284381828,23.89500349,1.539331913,0.795410156,0.755646817
guide_mode=dynamic-two-0.1*a*(1-a)+scale=50+label=4,dynamic-two-0.1*a*(1-a),4,50,1,0.9619,10.84339315,27.90504793,1.59082675,0.731933594,0.779022403
guide_mode=manifold+scale=50+label=6,manifold,6,50,1,0.9614,13.97965591,27.35387338,1.677865028,0.676757813,0.796450939
guide_mode=dynamic-fonly+scale=50+label=4,dynamic-fonly,4,50,1,0.9614,11.318194,28.21787164,1.596089721,0.725585938,0.781059063
guide_mode=dynamic-nog-0.5+scale=100+label=6,dynamic-nog-0.5,6,100,1,0.9614,11.49038637,22.99322967,1.641502023,0.756835938,0.729645094
guide_mode=dynamic-two-0.5*a*(1-a)+scale=50+label=4,dynamic-two-0.5*a*(1-a),4,50,1,0.96,10.54699404,28.09068429,1.595271945,0.740234375,0.771894094
guide_mode=classifier+scale=0.5+label=4,classifier,4,0.5,1,0.96,8.379709428,22.00347992,1.696374416,0.745117188,0.796334012
guide_mode=dynamic-one-0.5*(1-a)+scale=100+label=6,dynamic-one-0.5*(1-a),6,100,1,0.959,32.19901876,65.68016159,1.715449452,0.211425781,0.677453027
guide_mode=dynamic-nog-0.1+scale=50+label=4,dynamic-nog-0.1,4,50,1,0.9585,10.62948206,27.50195856,1.600651383,0.745117188,0.753564155
guide_mode=dynamic-one-0.1*(1-a)+scale=100+label=6,dynamic-one-0.1*(1-a),6,100,1,0.9575,33.12624623,63.77379948,1.742823362,0.253417969,0.745302714
guide_mode=dynamic-fonly+scale=100+label=6,dynamic-fonly,6,100,1,0.9565,12.21387114,25.46711327,1.663692951,0.707519531,0.752609603
guide_mode=dynamic-nog-0.1+scale=100+label=8,dynamic-nog-0.1,8,100,1,0.9561,13.14486468,32.64376558,1.575729251,0.651367188,0.776180698
guide_mode=dynamic-one-0.1*(1-a)+scale=100+label=8,dynamic-one-0.1*(1-a),8,100,1,0.9551,28.96786981,68.94154718,1.631906033,0.206054688,0.685831622
guide_mode=dynamic-nog-0.5*a+scale=100+label=6,dynamic-nog-0.5*a,6,100,1,0.9551,11.69836022,23.31359342,1.678031683,0.71875,0.741127349
guide_mode=classifier+scale=1.0+label=6,classifier,6,1,1,0.9546,11.84617583,26.00239485,1.659953952,0.737792969,0.725469729
guide_mode=dynamic-fonly+scale=100+label=8,dynamic-fonly,8,100,1,0.9546,13.23995933,33.10455275,1.581128359,0.661621094,0.77412731
guide_mode=dynamic-one-0.5*(1-a)+scale=100+label=8,dynamic-one-0.5*(1-a),8,100,1,0.9541,29.26958052,70.76602288,1.643251538,0.208007813,0.668377823
guide_mode=dynamic-two-0.5*a*(1-a)+scale=100+label=6,dynamic-two-0.5*a*(1-a),6,100,1,0.9541,11.30811819,24.34508772,1.685463428,0.714355469,0.774530271
guide_mode=manifold+scale=20+label=8,manifold,8,20,1,0.9536,13.11145046,31.65912478,1.585771203,0.652832031,0.790554415
guide_mode=dynamic-two-0.1*a*(1-a)+scale=100+label=6,dynamic-two-0.1*a*(1-a),6,100,1,0.9536,11.78712275,24.96444469,1.680710316,0.711914063,0.768267223
guide_mode=dynamic-two-0.5*a-0.5*(1-a)+scale=100+label=6,dynamic-two-0.5*a-0.5*(1-a),6,100,1,0.9531,11.71470366,23.77286433,1.707725763,0.674316406,0.770354906
guide_mode=dynamic-two-0.1*a*(1-a)+scale=100+label=8,dynamic-two-0.1*a*(1-a),8,100,1,0.9526,13.1618178,32.88222991,1.589046836,0.654296875,0.798767967
guide_mode=dynamic-two-0.5*a-0.5*(1-a)+scale=100+label=8,dynamic-two-0.5*a-0.5*(1-a),8,100,1,0.9492,13.97632611,33.86592725,1.599075198,0.641113281,0.797741273
guide_mode=dynamic-nog-0.1+scale=100+label=6,dynamic-nog-0.1,6,100,1,0.9487,11.88780647,24.39250283,1.671674371,0.72265625,0.751565762
guide_mode=dynamic-nog-0.1*a+scale=100+label=6,dynamic-nog-0.1*a,6,100,1,0.9482,11.99240472,24.20300941,1.696514845,0.71875,0.771398747
guide_mode=manifold+scale=20+label=6,manifold,6,20,1,0.9478,12.243475,25.76091437,1.672724247,0.716796875,0.750521921
guide_mode=dynamic-nog-0.5+scale=100+label=8,dynamic-nog-0.5,8,100,1,0.9463,13.08133371,31.3155225,1.555183768,0.65234375,0.773100616
guide_mode=classifier+scale=2.0+label=1,classifier,1,2,1,0.9961,9.440382437,26.06985718,1.525347829,0.860839844,0.705726872
guide_mode=dynamic-two-0.5*a*(1-a)+scale=100+label=8,dynamic-two-0.5*a*(1-a),8,100,1,0.9458,13.1250474,33.03850913,1.58716917,0.658691406,0.793634497
guide_mode=dynamic-fonly+scale=20+label=1,dynamic-fonly,1,20,1,0.7915,33.87022623,48.33715382,1.907645822,0.655273438,0.777092511
guide_mode=dynamic-fonly+scale=50+label=1,dynamic-fonly,1,50,1,0.9014,27.83934827,40.14905014,1.84516263,0.734863281,0.765638767
guide_mode=dynamic-nog-0.1*a+scale=100+label=8,dynamic-nog-0.1*a,8,100,1,0.9443,13.40101755,32.25643526,1.589057207,0.65625,0.777207392
guide_mode=dynamic-fonly+scale=100+label=1,dynamic-fonly,1,100,1,0.9263,33.57725682,44.92460575,1.842744827,0.72265625,0.740969163
guide_mode=dynamic-nog-0.5*a+scale=100+label=8,dynamic-nog-0.5*a,8,100,1,0.9424,13.18295064,32.41454545,1.588711619,0.654785156,0.755646817
guide_mode=dynamic-two-0.1*a*(1-a)+scale=50+label=8,dynamic-two-0.1*a*(1-a),8,50,1,0.9399,12.83589876,30.36818291,1.586971521,0.678710938,0.772073922
guide_mode=dynamic-one-0.5*(1-a)+scale=50+label=8,dynamic-one-0.5*(1-a),8,50,1,0.9399,27.60877313,65.37937183,1.665452242,0.228515625,0.728952772
guide_mode=dynamic-one-0.1*(1-a)+scale=50+label=8,dynamic-one-0.1*(1-a),8,50,1,0.938,27.40000121,62.61386492,1.658927917,0.23828125,0.757700205
guide_mode=dynamic-one-0.1*(1-a)+scale=50+label=8,dynamic-one-0.1*(1-a),8,50,1,0.938,27.40000121,62.61386492,1.658927917,0.23828125,0.757700205
guide_mode=dynamic-two-0.5*a-0.5*(1-a)+scale=50+label=8,dynamic-two-0.5*a-0.5*(1-a),8,50,1,0.9355,12.1037379,30.28129937,1.605468631,0.653808594,0.792607803
guide_mode=dynamic-full-0.1*a*(1-a)+scale=20+label=1,dynamic-full-0.1*a*(1-a),1,20,1,0.1162,123.6385956,141.348779,2.039614916,0.212402344,0.776211454
guide_mode=dynamic-full-0.1*a*(1-a)+scale=50+label=1,dynamic-full-0.1*a*(1-a),1,50,1,0.1196,122.5836679,140.5339871,2.043821096,0.215820313,0.793832599
guide_mode=dynamic-fonly+scale=50+label=8,dynamic-fonly,8,50,1,0.9346,12.64934512,30.62791152,1.601018429,0.670410156,0.764887064
guide_mode=dynamic-nog-0.5+scale=50+label=8,dynamic-nog-0.5,8,50,1,0.9321,12.77142147,29.48429935,1.618070006,0.672851563,0.735112936
guide_mode=dynamic-full-0.1*a*(1-a)+scale=100+label=1,dynamic-full-0.1*a*(1-a),1,100,1,0.1299,120.5294405,138.891729,2.043849945,0.225585938,0.808810573
guide_mode=manifold+scale=5+label=4,manifold,4,5,1,0.9316,11.60484904,29.44506905,1.688100219,0.679199219,0.811608961
guide_mode=dynamic-two-0.5*a*(1-a)+scale=50+label=8,dynamic-two-0.5*a*(1-a),8,50,1,0.9292,12.20642362,30.5875777,1.619899273,0.673828125,0.785420945
guide_mode=dynamic-full-0.5*a*(1-a)+scale=20+label=1,dynamic-full-0.5*a*(1-a),1,20,1,0.1304,119.9334033,138.8806219,2.040707588,0.223144531,0.83876652
guide_mode=dynamic-full-0.5*a*(1-a)+scale=50+label=1,dynamic-full-0.5*a*(1-a),1,50,1,0.1597,114.6732875,135.0402441,2.047558069,0.247558594,0.821145374
guide_mode=dynamic-full-0.5*a*(1-a)+scale=100+label=1,dynamic-full-0.5*a*(1-a),1,100,1,0.2207,105.1271327,129.1240225,2.086621523,0.278808594,0.866079295
guide_mode=dynamic-nog-0.1+scale=20+label=1,dynamic-nog-0.1,1,20,1,0.8003,33.15529099,45.20612305,1.892770648,0.663085938,0.749779736
guide_mode=dynamic-nog-0.1+scale=50+label=1,dynamic-nog-0.1,1,50,1,0.9194,27.29999514,38.21296079,1.812231183,0.730957031,0.747136564
guide_mode=dynamic-one-0.1*(1-a)+scale=50+label=6,dynamic-one-0.1*(1-a),6,50,1,0.9263,32.86044441,63.47398861,1.734439135,0.263183594,0.731732777
guide_mode=dynamic-nog-0.1+scale=100+label=1,dynamic-nog-0.1,1,100,1,0.9248,31.94901143,42.66653359,1.828802228,0.73046875,0.76123348
guide_mode=manifold+scale=50+label=8,manifold,8,50,1,0.9263,22.12852533,51.84908756,1.599023342,0.514160156,0.820328542
guide_mode=dynamic-nog-0.1*a+scale=20+label=1,dynamic-nog-0.1*a,1,20,1,0.7969,33.0662141,45.91365381,1.921710968,0.648925781,0.765638767
guide_mode=dynamic-nog-0.5*a+scale=50+label=6,dynamic-nog-0.5*a,6,50,1,0.9253,12.27474732,24.95616613,1.68790102,0.712890625,0.767223382
guide_mode=dynamic-nog-0.1*a+scale=50+label=1,dynamic-nog-0.1*a,1,50,1,0.9053,28.569358,40.06613534,1.859403372,0.717773438,0.765638767
guide_mode=dynamic-nog-0.5+scale=50+label=6,dynamic-nog-0.5,6,50,1,0.9243,12.26154261,24.37811205,1.702786326,0.735839844,0.786012526
guide_mode=dynamic-two-0.1*a-0.1*(1-a)+scale=50+label=8,dynamic-two-0.1*a-0.1*(1-a),8,50,1,0.9243,12.58835389,30.32095741,1.587723851,0.680664063,0.777207392
guide_mode=dynamic-nog-0.1*a+scale=50+label=8,dynamic-nog-0.1*a,8,50,1,0.9243,12.56470541,29.71931971,1.577663183,0.6953125,0.76386037
guide_mode=dynamic-two-0.1*a*(1-a)+scale=50+label=6,dynamic-two-0.1*a*(1-a),6,50,1,0.9233,12.22877171,25.9938531,1.690244317,0.693359375,0.774530271
guide_mode=dynamic-nog-0.1*a+scale=100+label=1,dynamic-nog-0.1*a,1,100,1,0.9263,33.13152216,44.6408947,1.811644435,0.731445313,0.76123348
guide_mode=dynamic-nog-0.1+scale=50+label=8,dynamic-nog-0.1,8,50,1,0.9209,12.81333263,30.12318442,1.603574991,0.688476563,0.77412731
guide_mode=dynamic-two-0.5*a*(1-a)+scale=50+label=6,dynamic-two-0.5*a*(1-a),6,50,1,0.9204,11.99727193,25.99268369,1.691398859,0.703125,0.779749478
guide_mode=dynamic-fonly+scale=50+label=6,dynamic-fonly,6,50,1,0.9204,12.42167259,26.057068,1.717601776,0.697265625,0.776617954
guide_mode=dynamic-nog-0.5+scale=20+label=1,dynamic-nog-0.5,1,20,1,0.8174,29.57604096,39.76404813,1.907901287,0.689941406,0.760352423
guide_mode=dynamic-nog-0.5*a+scale=50+label=8,dynamic-nog-0.5*a,8,50,1,0.917,12.56959064,29.78169381,1.599508405,0.688964844,0.785420945
guide_mode=dynamic-one-0.5*(1-a)+scale=50+label=6,dynamic-one-0.5*(1-a),6,50,1,0.9165,32.56639776,66.27116515,1.792131662,0.215820313,0.674321503
guide_mode=dynamic-nog-0.1*a+scale=50+label=6,dynamic-nog-0.1*a,6,50,1,0.9165,12.52670669,25.98740045,1.712402225,0.690917969,0.802713987
guide_mode=dynamic-two-0.1*a-0.1*(1-a)+scale=50+label=6,dynamic-two-0.1*a-0.1*(1-a),6,50,1,0.916,12.14929744,26.04157974,1.710102081,0.704101563,0.791231733
guide_mode=dynamic-two-0.5*a-0.5*(1-a)+scale=50+label=6,dynamic-two-0.5*a-0.5*(1-a),6,50,1,0.9146,12.14786935,26.19771739,1.74452877,0.674804688,0.774530271
guide_mode=dynamic-nog-0.5+scale=50+label=1,dynamic-nog-0.5,1,50,1,0.9097,25.08120942,34.06241318,1.791298389,0.739746094,0.753303965
guide_mode=dynamic-nog-0.1+scale=50+label=6,dynamic-nog-0.1,6,50,1,0.9116,12.54913127,26.07910755,1.705324531,0.704589844,0.769311065
guide_mode=dynamic-nog-0.5+scale=100+label=1,dynamic-nog-0.5,1,100,1,0.9463,29.45003751,38.35709119,1.813928127,0.763183594,0.758590308
guide_mode=dynamic-nog-0.5*a+scale=20+label=1,dynamic-nog-0.5*a,1,20,1,0.8052,32.39381251,44.71621163,1.91699636,0.645507813,0.777092511
guide_mode=dynamic-nog-0.5*a+scale=50+label=1,dynamic-nog-0.5*a,1,50,1,0.9009,28.10785693,38.54005423,1.832158327,0.73046875,0.748017621
guide_mode=dynamic-nog-0.5*a+scale=100+label=1,dynamic-nog-0.5*a,1,100,1,0.9214,33.56171,43.39546001,1.84491694,0.737792969,0.774449339
guide_mode=dynamic-one-0.1*(1-a)+scale=20+label=1,dynamic-one-0.1*(1-a),1,20,1,0.8223,46.0645206,104.9475056,1.995634913,0.204589844,0.840528634
guide_mode=dynamic-one-0.1*(1-a)+scale=50+label=1,dynamic-one-0.1*(1-a),1,50,1,0.9277,40.61364356,102.888463,1.890298247,0.194824219,0.796475771
guide_mode=dynamic-one-0.1*(1-a)+scale=100+label=1,dynamic-one-0.1*(1-a),1,100,1,0.9448,46.64598872,111.0759652,1.897248507,0.192382813,0.758590308
guide_mode=manifold+scale=5+label=8,manifold,8,5,1,0.8955,14.11744975,32.70224024,1.668490052,0.639160156,0.799794661
guide_mode=dynamic-two-0.5*a*(1-a)+scale=20+label=4,dynamic-two-0.5*a*(1-a),4,20,1,0.8862,11.94254216,30.23588541,1.700887322,0.664550781,0.818737271
guide_mode=dynamic-one-0.5*(1-a)+scale=20+label=4,dynamic-one-0.5*(1-a),4,20,1,0.8862,34.95544981,67.4395025,1.826671839,0.207519531,0.717922607
guide_mode=classifier+scale=0.5+label=6,classifier,6,0.5,1,0.8828,10.08957042,26.97548445,1.727652431,0.674804688,0.772442589
guide_mode=dynamic-fonly+scale=20+label=4,dynamic-fonly,4,20,1,0.8823,12.58512306,30.79947008,1.692695737,0.66796875,0.802443992
guide_mode=dynamic-two-0.1*a-0.1*(1-a)+scale=20+label=4,dynamic-two-0.1*a-0.1*(1-a),4,20,1,0.8823,12.28555468,30.32622675,1.706171155,0.671386719,0.801425662
guide_mode=dynamic-nog-0.5+scale=20+label=4,dynamic-nog-0.5,4,20,1,0.8813,12.54989606,30.30687794,1.688954115,0.691894531,0.771894094
guide_mode=dynamic-nog-0.1+scale=20+label=4,dynamic-nog-0.1,4,20,1,0.8804,12.29515598,30.16606839,1.699414611,0.669433594,0.804480652
guide_mode=dynamic-nog-0.1*a+scale=20+label=4,dynamic-nog-0.1*a,4,20,1,0.8794,12.26560541,30.09341198,1.710458636,0.673828125,0.796334012
guide_mode=dynamic-one-0.1*(1-a)+scale=20+label=4,dynamic-one-0.1*(1-a),4,20,1,0.8779,33.1443675,63.17850443,1.856503725,0.256835938,0.760692464
guide_mode=dynamic-two-0.5*a-0.5*(1-a)+scale=20+label=4,dynamic-two-0.5*a-0.5*(1-a),4,20,1,0.876,11.87085308,29.20764725,1.702969551,0.64453125,0.819755601
guide_mode=dynamic-nog-0.5*a+scale=20+label=4,dynamic-nog-0.5*a,4,20,1,0.8745,12.59313209,29.85416544,1.689016461,0.673828125,0.785132383
guide_mode=dynamic-two-0.1*a*(1-a)+scale=20+label=4,dynamic-two-0.1*a*(1-a),4,20,1,0.874,12.36587774,30.70945655,1.712397933,0.662597656,0.820773931
guide_mode=dynamic-fonly+scale=20+label=8,dynamic-fonly,8,20,1,0.8491,14.90514664,33.24877638,1.688289046,0.626464844,0.798767967
guide_mode=dynamic-two-0.5*a-0.5*(1-a)+scale=20+label=8,dynamic-two-0.5*a-0.5*(1-a),8,20,1,0.8477,15.30412184,33.37342631,1.723477244,0.600585938,0.816221766
guide_mode=dynamic-two-0.5*a*(1-a)+scale=20+label=8,dynamic-two-0.5*a*(1-a),8,20,1,0.8462,15.12699747,33.36551924,1.721232414,0.611816406,0.801848049
guide_mode=dynamic-nog-0.1*a+scale=20+label=8,dynamic-nog-0.1*a,8,20,1,0.8418,15.4771027,32.96987782,1.690587759,0.627441406,0.804928131
guide_mode=dynamic-two-0.1*a-0.1*(1-a)+scale=20+label=8,dynamic-two-0.1*a-0.1*(1-a),8,20,1,0.8408,15.11858686,32.60051978,1.706885338,0.611328125,0.816221766
guide_mode=dynamic-nog-0.5*a+scale=20+label=8,dynamic-nog-0.5*a,8,20,1,0.8394,15.75538093,32.73237984,1.700993419,0.616699219,0.77926078
guide_mode=dynamic-one-0.5*(1-a)+scale=20+label=8,dynamic-one-0.5*(1-a),8,20,1,0.8394,30.86182973,65.88064337,1.804022074,0.21875,0.716632444
guide_mode=manifold+scale=5+label=6,manifold,6,5,1,0.8389,15.12273179,34.84748413,1.778243423,0.600585938,0.795407098
guide_mode=dynamic-nog-0.1+scale=20+label=8,dynamic-nog-0.1,8,20,1,0.8384,15.26077974,32.67587113,1.672467351,0.617675781,0.775154004
guide_mode=dynamic-one-0.1*(1-a)+scale=20+label=8,dynamic-one-0.1*(1-a),8,20,1,0.8379,29.53054237,61.73801784,1.790896893,0.2421875,0.746406571
guide_mode=dynamic-two-0.1*a*(1-a)+scale=20+label=8,dynamic-two-0.1*a*(1-a),8,20,1,0.8369,15.51735305,33.49028153,1.701774716,0.621582031,0.785420945
guide_mode=dynamic-one-0.5*(1-a)+scale=20+label=1,dynamic-one-0.5*(1-a),1,20,1,0.8218,48.50170033,112.2190916,1.968408704,0.162109375,0.863436123
guide_mode=dynamic-one-0.5*(1-a)+scale=50+label=1,dynamic-one-0.5*(1-a),1,50,1,0.9268,44.50959126,109.0963128,1.91548419,0.159667969,0.8
guide_mode=dynamic-one-0.5*(1-a)+scale=100+label=1,dynamic-one-0.5*(1-a),1,100,1,0.9351,49.3878325,115.4000526,1.929948568,0.169433594,0.785903084
guide_mode=dynamic-nog-0.5+scale=20+label=8,dynamic-nog-0.5,8,20,1,0.8179,16.42339464,33.66011432,1.722117782,0.616699219,0.778234086
guide_mode=dynamic-two-0.1*a*(1-a)+scale=20+label=1,dynamic-two-0.1*a*(1-a),1,20,1,0.7959,33.64235311,47.69696072,1.917086124,0.66015625,0.779735683
guide_mode=dynamic-two-0.1*a*(1-a)+scale=50+label=1,dynamic-two-0.1*a*(1-a),1,50,1,0.9067,29.19298365,41.16551535,1.858533978,0.716796875,0.765638767
guide_mode=dynamic-two-0.1*a*(1-a)+scale=100+label=1,dynamic-two-0.1*a*(1-a),1,100,1,0.9355,33.48257476,45.15538481,1.833992243,0.72265625,0.77092511
guide_mode=dynamic-nog-0.1+scale=20+label=6,dynamic-nog-0.1,6,20,1,0.7998,14.19904531,33.05477216,1.781673074,0.625976563,0.795407098
guide_mode=dynamic-two-0.1*a-0.1*(1-a)+scale=20+label=1,dynamic-two-0.1*a-0.1*(1-a),1,20,1,0.7915,34.1585704,48.52707803,1.938666224,0.651855469,0.785903084
guide_mode=dynamic-two-0.1*a-0.1*(1-a)+scale=50+label=1,dynamic-two-0.1*a-0.1*(1-a),1,50,1,0.9062,30.04275051,40.89917314,1.850960016,0.720214844,0.774449339
guide_mode=dynamic-one-0.1*(1-a)+scale=20+label=6,dynamic-one-0.1*(1-a),6,20,1,0.7935,33.09118333,65.30553913,1.84644866,0.240234375,0.777661795
guide_mode=dynamic-two-0.5*a*(1-a)+scale=20+label=6,dynamic-two-0.5*a*(1-a),6,20,1,0.7925,14.28260197,33.99677845,1.784040809,0.598632813,0.811064718
guide_mode=dynamic-fonly+scale=20+label=6,dynamic-fonly,6,20,1,0.792,14.82071271,34.34136521,1.765257597,0.600097656,0.818371608
guide_mode=dynamic-two-0.1*a-0.1*(1-a)+scale=100+label=1,dynamic-two-0.1*a-0.1*(1-a),1,100,1,0.9316,34.13227045,45.20048011,1.831914067,0.732421875,0.764757709
guide_mode=dynamic-two-0.5*a*(1-a)+scale=20+label=1,dynamic-two-0.5*a*(1-a),1,20,1,0.7915,33.13534534,48.72095078,1.903740048,0.653320313,0.803524229
guide_mode=dynamic-two-0.5*a*(1-a)+scale=50+label=1,dynamic-two-0.5*a*(1-a),1,50,1,0.9038,28.84879175,41.84630305,1.854990482,0.706542969,0.78061674
guide_mode=dynamic-two-0.1*a*(1-a)+scale=20+label=6,dynamic-two-0.1*a*(1-a),6,20,1,0.791,14.61623266,33.76713053,1.778506756,0.6015625,0.793319415
guide_mode=dynamic-nog-0.5+scale=20+label=6,dynamic-nog-0.5,6,20,1,0.7876,15.05850315,32.76988771,1.781707287,0.614746094,0.793319415
guide_mode=dynamic-nog-0.1*a+scale=20+label=6,dynamic-nog-0.1*a,6,20,1,0.7871,14.6473152,33.13649312,1.783967495,0.591796875,0.80480167
guide_mode=dynamic-nog-0.5*a+scale=20+label=6,dynamic-nog-0.5*a,6,20,1,0.7871,14.72570853,32.79433605,1.771290541,0.60546875,0.810020877
guide_mode=dynamic-two-0.1*a-0.1*(1-a)+scale=20+label=6,dynamic-two-0.1*a-0.1*(1-a),6,20,1,0.7866,14.65289556,33.43958947,1.79554081,0.6171875,0.812108559
guide_mode=dynamic-two-0.5*a-0.5*(1-a)+scale=20+label=6,dynamic-two-0.5*a-0.5*(1-a),6,20,1,0.7861,15.44490352,33.70207122,1.80461657,0.555175781,0.834029228
guide_mode=dynamic-two-0.5*a*(1-a)+scale=100+label=1,dynamic-two-0.5*a*(1-a),1,100,1,0.9282,33.05340954,45.47050356,1.858641028,0.718261719,0.783259912
guide_mode=dynamic-one-0.5*(1-a)+scale=20+label=6,dynamic-one-0.5*(1-a),6,20,1,0.7812,34.0287172,70.08858145,1.861130357,0.206542969,0.779749478
guide_mode=dynamic-full-0.5*a*(1-a)+scale=100+label=8,dynamic-full-0.5*a*(1-a),8,100,1,0.2969,48.33582857,73.82078687,2.035266876,0.264160156,0.825462012
guide_mode=dynamic-full-0.5*a*(1-a)+scale=100+label=4,dynamic-full-0.5*a*(1-a),4,100,1,0.2554,52.60078366,70.9848585,2.054601192,0.214355469,0.886965377
guide_mode=dynamic-full-0.5*a*(1-a)+scale=100+label=6,dynamic-full-0.5*a*(1-a),6,100,1,0.228,41.3338395,81.32588552,2.030589342,0.212402344,0.878914405
guide_mode=dynamic-two-0.5*a-0.5*(1-a)+scale=20+label=1,dynamic-two-0.5*a-0.5*(1-a),1,20,1,0.7837,34.73924341,49.13050783,1.917073607,0.628417969,0.836123348
guide_mode=dynamic-full-0.5*a*(1-a)+scale=50+label=8,dynamic-full-0.5*a*(1-a),8,50,1,0.1904,55.4961268,82.49387275,2.012736082,0.210449219,0.820328542
guide_mode=dynamic-full-0.5*a*(1-a)+scale=50+label=4,dynamic-full-0.5*a*(1-a),4,50,1,0.1689,62.11672596,75.68050329,2.055408001,0.169921875,0.884928717
guide_mode=dynamic-two-0.5*a-0.5*(1-a)+scale=50+label=1,dynamic-two-0.5*a-0.5*(1-a),1,50,1,0.9033,29.39358779,42.59273623,1.860513568,0.689941406,0.820264317
guide_mode=dynamic-full-0.5*a*(1-a)+scale=50+label=6,dynamic-full-0.5*a*(1-a),6,50,1,0.1572,44.44091219,85.67966611,2.022316217,0.19921875,0.86743215
guide_mode=dynamic-full-0.5*a*(1-a)+scale=20+label=8,dynamic-full-0.5*a*(1-a),8,20,1,0.1362,59.75778811,88.00204686,2.023361921,0.172363281,0.801848049
guide_mode=dynamic-full-0.1*a*(1-a)+scale=100+label=8,dynamic-full-0.1*a*(1-a),8,100,1,0.1343,60.07211744,87.99971362,2.024632454,0.166992188,0.790554415
guide_mode=dynamic-full-0.5*a*(1-a)+scale=20+label=4,dynamic-full-0.5*a*(1-a),4,20,1,0.1309,67.55038094,79.15145239,2.050366163,0.141601563,0.853360489
guide_mode=dynamic-two-0.5*a-0.5*(1-a)+scale=100+label=1,dynamic-two-0.5*a-0.5*(1-a),1,100,1,0.9272,34.201877,47.55413244,1.851819634,0.70703125,0.801762115
guide_mode=manifold+scale=5+label=1,manifold,1,5,1,0.8242,34.87402878,49.85131104,1.920037031,0.662109375,0.782378855
guide_mode=dynamic-full-0.1*a*(1-a)+scale=100+label=4,dynamic-full-0.1*a*(1-a),4,100,1,0.1299,68.65916618,79.63498286,2.043674231,0.142578125,0.853360489
guide_mode=manifold+scale=20+label=1,manifold,1,20,1,0.9429,30.52530162,43.29486675,1.812221169,0.729492188,0.777092511
guide_mode=dynamic-full-0.1*a*(1-a)+scale=50+label=8,dynamic-full-0.1*a*(1-a),8,50,1,0.1187,61.80308518,89.94878209,2.026175022,0.156738281,0.788501027
guide_mode=dynamic-full-0.1*a*(1-a)+scale=100+label=6,dynamic-full-0.1*a*(1-a),6,100,1,0.1182,47.21079254,88.76485206,2.031401634,0.178710938,0.850730689
guide_mode=dynamic-full-0.5*a*(1-a)+scale=20+label=6,dynamic-full-0.5*a*(1-a),6,20,1,0.1182,46.77563559,88.77313177,2.030893087,0.17578125,0.854906054
guide_mode=manifold+scale=50+label=1,manifold,1,50,1,0.9116,56.68088382,75.51238276,1.948680282,0.694335938,0.77092511
guide_mode=dynamic-full-0.1*a*(1-a)+scale=50+label=4,dynamic-full-0.1*a*(1-a),4,50,1,0.1162,70.57569227,80.83746479,2.039690971,0.1328125,0.845213849
guide_mode=dynamic-full-0.1*a*(1-a)+scale=20+label=4,dynamic-full-0.1*a*(1-a),4,20,1,0.1104,71.56397035,81.50052415,2.037069321,0.131347656,0.842158859
guide_mode=dynamic-full-0.1*a*(1-a)+scale=20+label=8,dynamic-full-0.1*a*(1-a),8,20,1,0.1094,62.68997456,91.10640855,2.031455517,0.146484375,0.778234086
guide_mode=dynamic-full-0.1*a*(1-a)+scale=50+label=6,dynamic-full-0.1*a*(1-a),6,50,1,0.1094,47.95060848,89.72988272,2.028851509,0.17578125,0.842379958
guide_mode=dynamic-full-0.1*a*(1-a)+scale=20+label=6,dynamic-full-0.1*a*(1-a),6,20,1,0.105,48.35669345,90.35185897,2.037199259,0.174804688,0.841336117
guide_mode=classifier+scale=2.0+label=1,classifier,1,2,0,0.999,12.01887384,34.86050276,1.459807158,0.864746094,0.630837004
guide_mode=classifier+scale=2.0+label=4,classifier,4,2,0,0.9971,47.67836355,86.12513313,1.579437375,0.7109375,0.33503055
guide_mode=classifier+scale=2.0+label=6,classifier,6,2,0,0.9746,58.15998679,50.48670184,1.738274097,0.71875,0.410229645
guide_mode=classifier+scale=2.0+label=8,classifier,8,2,0,0.9976,60.28696312,85.38440752,1.487906098,0.780273438,0.178644764
guide_mode=classifier+scale=1.0+label=6,classifier,6,1,0,0.9375,29.212534,36.11088413,1.740912676,0.695800781,0.622129436
guide_mode=classifier+scale=1.0+label=4,classifier,4,1,0,0.9858,27.83248138,51.30020515,1.630236506,0.751464844,0.580448065
guide_mode=classifier+scale=1.0+label=1,classifier,1,1,0,0.9795,8.623018049,24.92017619,1.534035206,0.823730469,0.725991189
guide_mode=classifier+scale=1.0+label=8,classifier,8,1,0,0.9844,30.49014623,51.95155983,1.439190865,0.791503906,0.530800821
guide_mode=classifier+scale=0.5+label=6,classifier,6,0.5,0,0.854,17.52048366,33.01988702,1.75754559,0.625976563,0.783924843
guide_mode=classifier+scale=0.5+label=1,classifier,1,0.5,0,0.918,10.59654139,23.63323823,1.661435723,0.745605469,0.773568282
guide_mode=classifier+scale=0.5+label=8,classifier,8,0.5,0,0.9448,14.36171748,33.96980027,1.522220969,0.760253906,0.746406571
guide_mode=classifier+scale=0.5+label=4,classifier,4,0.5,0,0.9536,14.99966896,32.71254823,1.697279692,0.687988281,0.764765784
guide_mode=dynamic-fonly+scale=100+label=6,dynamic-fonly,6,100,0,0.853,26.85999999,43.76310012,1.681869626,0.492675781,0.677453027
guide_mode=dynamic-fonly+scale=100+label=4,dynamic-fonly,4,100,0,0.938,22.35060823,46.5752994,1.6400038,0.504394531,0.689409369
guide_mode=dynamic-fonly+scale=100+label=1,dynamic-fonly,1,100,0,0.8921,60.68417935,76.08935921,1.964480042,0.547363281,0.785022026
guide_mode=dynamic-fonly+scale=50+label=6,dynamic-fonly,6,50,0,0.8257,25.00149293,43.50669678,1.712501764,0.480957031,0.741127349
guide_mode=dynamic-fonly+scale=100+label=8,dynamic-fonly,8,100,0,0.9253,15.67107646,38.37226909,1.682252645,0.577636719,0.825462012
guide_mode=dynamic-fonly+scale=50+label=4,dynamic-fonly,4,50,0,0.9248,19.29863873,43.35831331,1.640289783,0.541992188,0.760692464
guide_mode=dynamic-fonly+scale=50+label=1,dynamic-fonly,1,50,0,0.8467,55.53051267,72.07842336,1.990564108,0.55078125,0.820264317
guide_mode=dynamic-fonly+scale=50+label=8,dynamic-fonly,8,50,0,0.916,13.79040567,36.62570105,1.660438418,0.609375,0.818275154
guide_mode=dynamic-fonly+scale=20+label=6,dynamic-fonly,6,20,0,0.7461,23.72748472,45.09493721,1.750821233,0.451660156,0.811064718
guide_mode=dynamic-fonly+scale=20+label=1,dynamic-fonly,1,20,0,0.7705,54.49787975,71.63785405,2.046231747,0.53125,0.817621145
guide_mode=dynamic-fonly+scale=20+label=4,dynamic-fonly,4,20,0,0.876,18.39842411,41.51157929,1.707058549,0.534179688,0.805498982
guide_mode=dynamic-fonly+scale=20+label=8,dynamic-fonly,8,20,0,0.8857,14.42786875,38.63294765,1.684032083,0.591308594,0.825462012
guide_mode=dynamic-full-0.1*a*(1-a)+scale=100+label=6,dynamic-full-0.1*a*(1-a),6,100,0,0.1123,47.29993498,90.39073703,2.042449951,0.174316406,0.844467641
guide_mode=dynamic-full-0.1*a*(1-a)+scale=100+label=4,dynamic-full-0.1*a*(1-a),4,100,0,0.1201,67.93663527,79.69776754,2.058817863,0.149414063,0.865580448
guide_mode=dynamic-full-0.1*a*(1-a)+scale=100+label=1,dynamic-full-0.1*a*(1-a),1,100,0,0.1226,121.7436414,147.9302699,2.046468496,0.208496094,0.854625551
guide_mode=dynamic-full-0.1*a*(1-a)+scale=100+label=8,dynamic-full-0.1*a*(1-a),8,100,0,0.1504,59.13225929,86.551165,2.037507534,0.169433594,0.834702259
guide_mode=dynamic-full-0.1*a*(1-a)+scale=50+label=6,dynamic-full-0.1*a*(1-a),6,50,0,0.1011,47.86819871,91.28896951,2.046259165,0.173339844,0.842379958
guide_mode=dynamic-full-0.1*a*(1-a)+scale=50+label=4,dynamic-full-0.1*a*(1-a),4,50,0,0.1045,70.02398677,80.81927968,2.057593584,0.142089844,0.855397149
guide_mode=dynamic-full-0.1*a*(1-a)+scale=50+label=1,dynamic-full-0.1*a*(1-a),1,50,0,0.1162,123.1491933,149.1235836,2.044249773,0.204589844,0.854625551
guide_mode=dynamic-full-0.1*a*(1-a)+scale=50+label=8,dynamic-full-0.1*a*(1-a),8,50,0,0.126,60.76982995,88.31209233,2.040517092,0.157714844,0.814168378
guide_mode=dynamic-full-0.1*a*(1-a)+scale=20+label=6,dynamic-full-0.1*a*(1-a),6,20,0,0.0981,48.03326808,91.73566648,2.04122901,0.166503906,0.845511482
guide_mode=dynamic-full-0.1*a*(1-a)+scale=20+label=4,dynamic-full-0.1*a*(1-a),4,20,0,0.0986,70.7082978,81.32567538,2.035755396,0.140625,0.856415479
guide_mode=dynamic-full-0.1*a*(1-a)+scale=20+label=1,dynamic-full-0.1*a*(1-a),1,20,0,0.1118,124.3694587,149.7888581,2.037465334,0.196777344,0.841409692
guide_mode=dynamic-full-0.1*a*(1-a)+scale=20+label=8,dynamic-full-0.1*a*(1-a),8,20,0,0.1152,61.63798776,89.41970496,2.035216093,0.163574219,0.81724846
guide_mode=dynamic-full-0.5*a*(1-a)+scale=100+label=6,dynamic-full-0.5*a*(1-a),6,100,0,0.1812,44.50290552,84.12408254,2.048919201,0.221679688,0.869519833
guide_mode=dynamic-full-0.5*a*(1-a)+scale=100+label=4,dynamic-full-0.5*a*(1-a),4,100,0,0.1978,56.55853009,73.49192369,2.082901716,0.186523438,0.889002037
guide_mode=dynamic-full-0.5*a*(1-a)+scale=100+label=1,dynamic-full-0.5*a*(1-a),1,100,0,0.1885,111.6228228,140.5690082,2.096132755,0.247070313,0.889867841
guide_mode=dynamic-full-0.5*a*(1-a)+scale=50+label=6,dynamic-full-0.5*a*(1-a),6,50,0,0.1362,46.60810863,87.76778553,2.038501978,0.188476563,0.854906054
guide_mode=dynamic-full-0.5*a*(1-a)+scale=100+label=8,dynamic-full-0.5*a*(1-a),8,100,0,0.3281,49.35583679,74.00055616,2.055287123,0.270996094,0.844969199
guide_mode=dynamic-full-0.5*a*(1-a)+scale=50+label=4,dynamic-full-0.5*a*(1-a),4,50,0,0.1479,63.08176721,76.8137674,2.07733798,0.149414063,0.892057026
guide_mode=dynamic-full-0.5*a*(1-a)+scale=50+label=1,dynamic-full-0.5*a*(1-a),1,50,0,0.1548,116.5122824,144.4503836,2.065617561,0.227050781,0.901321586
guide_mode=dynamic-full-0.5*a*(1-a)+scale=20+label=6,dynamic-full-0.5*a*(1-a),6,20,0,0.1123,47.77859176,90.1146501,2.048696995,0.184082031,0.845511482
guide_mode=dynamic-full-0.5*a*(1-a)+scale=50+label=8,dynamic-full-0.5*a*(1-a),8,50,0,0.2236,55.46853975,81.16488428,2.048532724,0.217773438,0.839835729
guide_mode=dynamic-full-0.5*a*(1-a)+scale=20+label=4,dynamic-full-0.5*a*(1-a),4,20,0,0.1196,66.98312146,78.78527259,2.065678835,0.148925781,0.860488798
guide_mode=dynamic-full-0.5*a*(1-a)+scale=20+label=1,dynamic-full-0.5*a*(1-a),1,20,0,0.123,120.6338877,148.099232,2.054278851,0.218261719,0.888986784
guide_mode=dynamic-full-0.5*a*(1-a)+scale=20+label=8,dynamic-full-0.5*a*(1-a),8,20,0,0.1514,59.94172571,86.68635761,2.046087265,0.182617188,0.839835729
guide_mode=dynamic-nog-0.1+scale=100+label=1,dynamic-nog-0.1,1,100,0,0.8867,59.38462249,73.7799765,1.944035053,0.561523438,0.757709251
guide_mode=dynamic-nog-0.1+scale=100+label=6,dynamic-nog-0.1,6,100,0,0.8501,26.04273248,42.08586825,1.67399931,0.511230469,0.67954071
guide_mode=dynamic-nog-0.1+scale=100+label=4,dynamic-nog-0.1,4,100,0,0.9434,21.43234113,45.4694323,1.634801388,0.516113281,0.698574338
guide_mode=dynamic-nog-0.1+scale=100+label=8,dynamic-nog-0.1,8,100,0,0.9121,15.08075889,36.64833649,1.669109225,0.584472656,0.834702259
guide_mode=dynamic-nog-0.1+scale=50+label=6,dynamic-nog-0.1,6,50,0,0.8276,24.12335044,41.69705589,1.711640835,0.500488281,0.752609603
guide_mode=dynamic-nog-0.1+scale=50+label=4,dynamic-nog-0.1,4,50,0,0.9263,18.62063022,42.5940411,1.618358612,0.55859375,0.752545825
guide_mode=dynamic-nog-0.1+scale=50+label=1,dynamic-nog-0.1,1,50,0,0.854,53.7581658,68.75122384,1.958162546,0.576660156,0.839647577
guide_mode=dynamic-nog-0.1+scale=50+label=8,dynamic-nog-0.1,8,50,0,0.9189,13.59749737,35.72557065,1.655347228,0.603027344,0.830595483
guide_mode=dynamic-nog-0.1+scale=20+label=6,dynamic-nog-0.1,6,20,0,0.7485,23.1792506,43.38759045,1.762871623,0.458984375,0.807933194
guide_mode=dynamic-nog-0.1+scale=20+label=4,dynamic-nog-0.1,4,20,0,0.8813,18.24853398,40.0111492,1.706884623,0.542480469,0.794297352
guide_mode=dynamic-nog-0.1+scale=20+label=1,dynamic-nog-0.1,1,20,0,0.7681,54.36067741,68.2951703,2.039260626,0.545410156,0.835242291
guide_mode=dynamic-nog-0.1+scale=20+label=8,dynamic-nog-0.1,8,20,0,0.8843,14.48572475,37.71451227,1.686045408,0.623535156,0.831622177
guide_mode=dynamic-nog-0.1*a+scale=100+label=1,dynamic-nog-0.1*a,1,100,0,0.8779,60.42275685,74.4416068,1.966802955,0.55859375,0.781497797
guide_mode=dynamic-nog-0.1*a+scale=100+label=6,dynamic-nog-0.1*a,6,100,0,0.8506,26.21409646,42.50356353,1.681554556,0.497070313,0.684759916
guide_mode=dynamic-nog-0.1*a+scale=100+label=4,dynamic-nog-0.1*a,4,100,0,0.9326,21.70719866,45.75834161,1.626247764,0.512695313,0.701629328
guide_mode=dynamic-nog-0.1*a+scale=50+label=1,dynamic-nog-0.1*a,1,50,0,0.8433,54.76486337,70.43757142,1.975026131,0.574707031,0.823788546
guide_mode=dynamic-nog-0.1*a+scale=100+label=8,dynamic-nog-0.1*a,8,100,0,0.9189,15.31831582,36.92735958,1.685901642,0.591308594,0.828542094
guide_mode=dynamic-nog-0.1*a+scale=50+label=4,dynamic-nog-0.1*a,4,50,0,0.9307,18.72361945,42.14970784,1.63809073,0.538085938,0.771894094
guide_mode=dynamic-nog-0.1*a+scale=50+label=6,dynamic-nog-0.1*a,6,50,0,0.8281,24.39861694,42.06557441,1.704273582,0.498535156,0.747390397
guide_mode=dynamic-nog-0.1*a+scale=20+label=1,dynamic-nog-0.1*a,1,20,0,0.77,54.58529405,69.97498474,2.03681016,0.545898438,0.832599119
guide_mode=dynamic-nog-0.1*a+scale=50+label=8,dynamic-nog-0.1*a,8,50,0,0.9185,13.57227339,35.71059022,1.655330896,0.620117188,0.803901437
guide_mode=dynamic-nog-0.1*a+scale=20+label=6,dynamic-nog-0.1*a,6,20,0,0.7397,23.37979184,43.94787663,1.75581193,0.443359375,0.824634656
guide_mode=dynamic-nog-0.1*a+scale=20+label=4,dynamic-nog-0.1*a,4,20,0,0.8828,17.89038343,39.87982684,1.718476176,0.540527344,0.808553971
guide_mode=dynamic-nog-0.1*a+scale=20+label=8,dynamic-nog-0.1*a,8,20,0,0.8813,14.57923268,37.37705596,1.694499135,0.603515625,0.809034908
guide_mode=dynamic-nog-0.5+scale=100+label=6,dynamic-nog-0.5,6,100,0,0.853,25.20785564,40.62861922,1.663739085,0.517578125,0.658663883
guide_mode=dynamic-nog-0.5+scale=100+label=4,dynamic-nog-0.5,4,100,0,0.9307,21.30503501,45.72557983,1.632629514,0.525390625,0.696537678
guide_mode=dynamic-nog-0.5+scale=100+label=1,dynamic-nog-0.5,1,100,0,0.8901,56.55865198,69.43962519,1.958727956,0.555664063,0.795594714
guide_mode=dynamic-nog-0.5+scale=100+label=8,dynamic-nog-0.5,8,100,0,0.9253,14.79181335,36.02976487,1.663278341,0.602050781,0.80698152
guide_mode=dynamic-nog-0.5+scale=50+label=1,dynamic-nog-0.5,1,50,0,0.8716,50.7571341,65.44358054,1.949499607,0.574707031,0.803524229
guide_mode=dynamic-nog-0.5+scale=50+label=6,dynamic-nog-0.5,6,50,0,0.833,23.4059894,40.6345927,1.714266658,0.517578125,0.756784969
guide_mode=dynamic-nog-0.5+scale=50+label=4,dynamic-nog-0.5,4,50,0,0.9243,18.60626638,42.55976539,1.635588527,0.567871094,0.748472505
guide_mode=dynamic-nog-0.5+scale=50+label=8,dynamic-nog-0.5,8,50,0,0.9214,13.68161908,35.55498134,1.655200601,0.604980469,0.804928131
guide_mode=dynamic-nog-0.5+scale=20+label=1,dynamic-nog-0.5,1,20,0,0.771,52.4471857,64.43184254,2.040087223,0.533203125,0.831718062
guide_mode=dynamic-nog-0.5+scale=20+label=6,dynamic-nog-0.5,6,20,0,0.7578,22.90818211,41.94414045,1.761970162,0.480957031,0.822546973
guide_mode=dynamic-nog-0.5+scale=20+label=4,dynamic-nog-0.5,4,20,0,0.8833,18.07289459,40.21438553,1.709573388,0.552246094,0.802443992
guide_mode=dynamic-nog-0.5+scale=20+label=8,dynamic-nog-0.5,8,20,0,0.8755,14.76766609,37.30937767,1.685747862,0.602050781,0.824435318
guide_mode=dynamic-nog-0.5*a+scale=100+label=1,dynamic-nog-0.5*a,1,100,0,0.8848,59.6070248,73.78340458,1.950123191,0.561035156,0.784140969
guide_mode=dynamic-nog-0.5*a+scale=100+label=6,dynamic-nog-0.5*a,6,100,0,0.8486,26.04724148,42.21152319,1.679544449,0.486816406,0.66388309
guide_mode=dynamic-nog-0.5*a+scale=100+label=4,dynamic-nog-0.5*a,4,100,0,0.9312,21.51689701,45.14945873,1.631147385,0.516113281,0.716904277
guide_mode=dynamic-nog-0.5*a+scale=50+label=1,dynamic-nog-0.5*a,1,50,0,0.8462,54.49927516,69.42166644,1.974189043,0.563476563,0.827312775
guide_mode=dynamic-nog-0.5*a+scale=100+label=8,dynamic-nog-0.5*a,8,100,0,0.9224,14.83364451,36.14014574,1.661063313,0.588867188,0.830595483
guide_mode=dynamic-nog-0.5*a+scale=50+label=4,dynamic-nog-0.5*a,4,50,0,0.9238,18.90425481,42.09930077,1.638807535,0.55078125,0.761710794
guide_mode=dynamic-nog-0.5*a+scale=50+label=6,dynamic-nog-0.5*a,6,50,0,0.8237,23.6931344,41.58080121,1.711376071,0.504882813,0.746346555
guide_mode=dynamic-nog-0.5*a+scale=20+label=1,dynamic-nog-0.5*a,1,20,0,0.7832,53.87640282,68.96850177,2.027558327,0.546386719,0.835242291
guide_mode=dynamic-nog-0.5*a+scale=50+label=8,dynamic-nog-0.5*a,8,50,0,0.9131,13.6669382,35.3925112,1.645586014,0.591796875,0.809034908
guide_mode=dynamic-nog-0.5*a+scale=20+label=6,dynamic-nog-0.5*a,6,20,0,0.7427,23.06575128,43.0836081,1.756117582,0.462890625,0.829853862
guide_mode=dynamic-nog-0.5*a+scale=20+label=4,dynamic-nog-0.5*a,4,20,0,0.8789,18.00349964,39.84644443,1.71183455,0.554199219,0.789205703
guide_mode=dynamic-nog-0.5*a+scale=20+label=8,dynamic-nog-0.5*a,8,20,0,0.8799,14.39230881,37.12506982,1.682390809,0.588867188,0.826488706
guide_mode=dynamic-one-0.1*(1-a)+scale=100+label=1,dynamic-one-0.1*(1-a),1,100,0,0.8926,62.15915946,82.64441306,2.007653713,0.404785156,0.828193833
guide_mode=dynamic-one-0.1*(1-a)+scale=100+label=6,dynamic-one-0.1*(1-a),6,100,0,0.8584,26.35851983,45.67654803,1.717355967,0.397460938,0.69519833
guide_mode=dynamic-one-0.1*(1-a)+scale=100+label=4,dynamic-one-0.1*(1-a),4,100,0,0.9443,25.55902086,50.15020977,1.657595158,0.423339844,0.712830957
guide_mode=dynamic-one-0.1*(1-a)+scale=50+label=1,dynamic-one-0.1*(1-a),1,50,0,0.8569,54.98978135,78.70604181,2.025178194,0.401367188,0.885462555
guide_mode=dynamic-one-0.1*(1-a)+scale=100+label=8,dynamic-one-0.1*(1-a),8,100,0,0.9229,16.39801643,41.10477856,1.725756049,0.521972656,0.835728953
guide_mode=dynamic-one-0.1*(1-a)+scale=50+label=6,dynamic-one-0.1*(1-a),6,50,0,0.8325,24.5535261,45.7630245,1.757024169,0.406738281,0.767223382
guide_mode=dynamic-one-0.1*(1-a)+scale=50+label=4,dynamic-one-0.1*(1-a),4,50,0,0.9292,23.08260127,47.85915743,1.690106511,0.446289063,0.766802444
guide_mode=dynamic-one-0.1*(1-a)+scale=20+label=1,dynamic-one-0.1*(1-a),1,20,0,0.7876,53.97109029,77.65687041,2.11406827,0.379882813,0.882819383
guide_mode=dynamic-one-0.1*(1-a)+scale=50+label=8,dynamic-one-0.1*(1-a),8,50,0,0.9077,15.71117101,40.19467662,1.717460275,0.536132813,0.829568789
guide_mode=dynamic-one-0.1*(1-a)+scale=20+label=6,dynamic-one-0.1*(1-a),6,20,0,0.7593,23.92316388,47.90292033,1.812119007,0.384277344,0.824634656
guide_mode=dynamic-one-0.1*(1-a)+scale=20+label=4,dynamic-one-0.1*(1-a),4,20,0,0.8911,22.14491635,45.80127098,1.748906612,0.446777344,0.806517312
guide_mode=dynamic-one-0.1*(1-a)+scale=20+label=8,dynamic-one-0.1*(1-a),8,20,0,0.8862,16.44956889,42.23501839,1.746157169,0.530273438,0.850102669
guide_mode=dynamic-one-0.5*(1-a)+scale=100+label=1,dynamic-one-0.5*(1-a),1,100,0,0.8813,74.31909063,91.09674769,2.01196146,0.346191406,0.826431718
guide_mode=dynamic-one-0.5*(1-a)+scale=100+label=6,dynamic-one-0.5*(1-a),6,100,0,0.834,34.78103943,49.07614235,1.711576343,0.328613281,0.657620042
guide_mode=dynamic-one-0.5*(1-a)+scale=100+label=4,dynamic-one-0.5*(1-a),4,100,0,0.9292,33.27446485,52.5130328,1.67117393,0.327636719,0.691446029
guide_mode=dynamic-one-0.5*(1-a)+scale=50+label=1,dynamic-one-0.5*(1-a),1,50,0,0.8433,66.49308879,86.84856079,2.036564589,0.353027344,0.888986784
guide_mode=dynamic-one-0.5*(1-a)+scale=100+label=8,dynamic-one-0.5*(1-a),8,100,0,0.9238,22.27484923,45.20281573,1.719004631,0.479980469,0.799794661
guide_mode=dynamic-one-0.5*(1-a)+scale=50+label=6,dynamic-one-0.5*(1-a),6,50,0,0.8096,31.53704439,48.60269735,1.751466632,0.362792969,0.713987474
guide_mode=dynamic-one-0.5*(1-a)+scale=50+label=4,dynamic-one-0.5*(1-a),4,50,0,0.9165,29.79640222,49.3960592,1.696128964,0.366210938,0.735234216
guide_mode=dynamic-one-0.5*(1-a)+scale=50+label=8,dynamic-one-0.5*(1-a),8,50,0,0.9185,19.64894607,42.87067664,1.684281588,0.488769531,0.798767967
guide_mode=dynamic-one-0.5*(1-a)+scale=20+label=1,dynamic-one-0.5*(1-a),1,20,0,0.7686,64.15709325,84.57847304,2.125443459,0.341796875,0.898678414
guide_mode=dynamic-one-0.5*(1-a)+scale=20+label=4,dynamic-one-0.5*(1-a),4,20,0,0.8677,28.60536016,47.43415958,1.771893501,0.366699219,0.786150713
guide_mode=dynamic-one-0.5*(1-a)+scale=20+label=6,dynamic-one-0.5*(1-a),6,20,0,0.7217,30.49337893,50.55463667,1.827763557,0.333984375,0.784968685
guide_mode=dynamic-one-0.5*(1-a)+scale=20+label=8,dynamic-one-0.5*(1-a),8,20,0,0.8892,20.72220937,44.42607937,1.729080558,0.484375,0.818275154
guide_mode=dynamic-two-0.1*a*(1-a)+scale=100+label=1,dynamic-two-0.1*a*(1-a),1,100,0,0.874,61.49512156,75.97750339,1.966836929,0.552246094,0.794713656
guide_mode=dynamic-two-0.1*a*(1-a)+scale=100+label=6,dynamic-two-0.1*a*(1-a),6,100,0,0.8462,26.93518241,43.1654021,1.684449196,0.477539063,0.676409186
guide_mode=dynamic-two-0.1*a*(1-a)+scale=100+label=4,dynamic-two-0.1*a*(1-a),4,100,0,0.9302,22.39318574,46.10854819,1.645635247,0.504882813,0.709775967
guide_mode=dynamic-two-0.1*a*(1-a)+scale=100+label=8,dynamic-two-0.1*a*(1-a),8,100,0,0.9224,15.69922396,37.81249913,1.658287525,0.595214844,0.841889117
guide_mode=dynamic-two-0.1*a*(1-a)+scale=50+label=1,dynamic-two-0.1*a*(1-a),1,50,0,0.8462,56.58989718,72.03931447,1.965411782,0.55859375,0.837885463
guide_mode=dynamic-two-0.1*a*(1-a)+scale=50+label=4,dynamic-two-0.1*a*(1-a),4,50,0,0.9199,19.14972414,42.70246495,1.64428091,0.544433594,0.747454175
guide_mode=dynamic-two-0.1*a*(1-a)+scale=50+label=6,dynamic-two-0.1*a*(1-a),6,50,0,0.8291,25.36187638,43.27155284,1.713827848,0.490722656,0.756784969
guide_mode=dynamic-two-0.1*a*(1-a)+scale=50+label=8,dynamic-two-0.1*a*(1-a),8,50,0,0.9136,13.89547085,36.30874033,1.655858755,0.606445313,0.814168378
guide_mode=dynamic-two-0.1*a*(1-a)+scale=20+label=1,dynamic-two-0.1*a*(1-a),1,20,0,0.7778,55.40495396,71.06016961,2.065256596,0.532226563,0.829955947
guide_mode=dynamic-two-0.1*a*(1-a)+scale=20+label=6,dynamic-two-0.1*a*(1-a),6,20,0,0.7456,23.99373671,44.42803184,1.763432741,0.447753906,0.819415449
guide_mode=dynamic-two-0.1*a*(1-a)+scale=20+label=4,dynamic-two-0.1*a*(1-a),4,20,0,0.8784,18.30085681,40.70164425,1.712113738,0.531738281,0.772912424
guide_mode=dynamic-two-0.1*a*(1-a)+scale=20+label=8,dynamic-two-0.1*a*(1-a),8,20,0,0.8862,14.49484925,38.03060531,1.700805187,0.586914063,0.81724846
guide_mode=dynamic-two-0.1*a-0.1*(1-a)+scale=100+label=1,dynamic-two-0.1*a-0.1*(1-a),1,100,0,0.8726,62.23300518,76.5563905,1.966777444,0.545410156,0.795594714
guide_mode=dynamic-two-0.1*a-0.1*(1-a)+scale=100+label=4,dynamic-two-0.1*a-0.1*(1-a),4,100,0,0.9321,22.99085554,45.82008381,1.645197153,0.494140625,0.703665988
guide_mode=dynamic-two-0.1*a-0.1*(1-a)+scale=100+label=6,dynamic-two-0.1*a-0.1*(1-a),6,100,0,0.8496,27.54631532,43.19748674,1.671824098,0.474121094,0.685803758
guide_mode=dynamic-two-0.1*a-0.1*(1-a)+scale=100+label=8,dynamic-two-0.1*a-0.1*(1-a),8,100,0,0.915,16.36646007,37.68918628,1.687722921,0.583984375,0.833675565
guide_mode=dynamic-two-0.1*a-0.1*(1-a)+scale=50+label=1,dynamic-two-0.1*a-0.1*(1-a),1,50,0,0.8521,56.81244234,72.05427097,1.972652197,0.560058594,0.842290749
guide_mode=dynamic-two-0.1*a-0.1*(1-a)+scale=50+label=6,dynamic-two-0.1*a-0.1*(1-a),6,50,0,0.8228,25.3093232,42.8202268,1.699234366,0.479980469,0.755741127
guide_mode=dynamic-two-0.1*a-0.1*(1-a)+scale=50+label=4,dynamic-two-0.1*a-0.1*(1-a),4,50,0,0.9219,19.68024935,42.70308708,1.632622361,0.527832031,0.788187373
guide_mode=dynamic-two-0.1*a-0.1*(1-a)+scale=50+label=8,dynamic-two-0.1*a-0.1*(1-a),8,50,0,0.9106,14.00158114,36.11073097,1.663602233,0.602539063,0.828542094
guide_mode=dynamic-two-0.1*a-0.1*(1-a)+scale=20+label=1,dynamic-two-0.1*a-0.1*(1-a),1,20,0,0.7705,56.06290867,71.08754952,2.081502676,0.531738281,0.859911894
guide_mode=dynamic-two-0.1*a-0.1*(1-a)+scale=20+label=4,dynamic-two-0.1*a-0.1*(1-a),4,20,0,0.8804,18.32237103,40.06551132,1.71411097,0.533203125,0.817718941
guide_mode=dynamic-two-0.1*a-0.1*(1-a)+scale=20+label=6,dynamic-two-0.1*a-0.1*(1-a),6,20,0,0.7407,24.06016837,44.20273383,1.767728806,0.447265625,0.811064718
guide_mode=dynamic-two-0.1*a-0.1*(1-a)+scale=20+label=8,dynamic-two-0.1*a-0.1*(1-a),8,20,0,0.8833,14.58035621,37.83381313,1.688506246,0.588867188,0.811088296
guide_mode=dynamic-two-0.5*a*(1-a)+scale=100+label=6,dynamic-two-0.5*a*(1-a),6,100,0,0.8428,28.4483235,44.92115085,1.676870823,0.466308594,0.655532359
guide_mode=dynamic-two-0.5*a*(1-a)+scale=100+label=8,dynamic-two-0.5*a*(1-a),8,100,0,0.9209,17.0944681,39.14469236,1.677853584,0.582519531,0.818275154
guide_mode=dynamic-two-0.5*a*(1-a)+scale=100+label=4,dynamic-two-0.5*a*(1-a),4,100,0,0.9316,24.49625687,46.72730167,1.6427356,0.478515625,0.697556008
guide_mode=dynamic-two-0.5*a*(1-a)+scale=100+label=1,dynamic-two-0.5*a*(1-a),1,100,0,0.8813,65.15738097,79.04157246,1.984646916,0.533203125,0.825550661
guide_mode=dynamic-two-0.5*a*(1-a)+scale=50+label=6,dynamic-two-0.5*a*(1-a),6,50,0,0.8184,26.02485289,43.66816345,1.717633843,0.456542969,0.746346555
guide_mode=dynamic-two-0.5*a*(1-a)+scale=50+label=4,dynamic-two-0.5*a*(1-a),4,50,0,0.9258,20.33956855,42.76895831,1.637297869,0.518554688,0.763747454
guide_mode=dynamic-two-0.5*a*(1-a)+scale=50+label=8,dynamic-two-0.5*a*(1-a),8,50,0,0.9214,14.33682267,36.57285472,1.65073967,0.596191406,0.831622177
guide_mode=dynamic-two-0.5*a*(1-a)+scale=50+label=1,dynamic-two-0.5*a*(1-a),1,50,0,0.8516,59.1474714,74.13943302,2.001030684,0.529785156,0.862555066
guide_mode=dynamic-two-0.5*a*(1-a)+scale=20+label=6,dynamic-two-0.5*a*(1-a),6,20,0,0.7383,24.57038997,44.51706701,1.752568007,0.432128906,0.825678497
guide_mode=dynamic-two-0.5*a*(1-a)+scale=20+label=1,dynamic-two-0.5*a*(1-a),1,20,0,0.7617,56.32112285,72.85538893,2.052358627,0.517578125,0.870484581
guide_mode=dynamic-two-0.5*a*(1-a)+scale=20+label=4,dynamic-two-0.5*a*(1-a),4,20,0,0.8735,19.54043636,40.45947272,1.72720468,0.509277344,0.803462322
guide_mode=dynamic-two-0.5*a*(1-a)+scale=20+label=8,dynamic-two-0.5*a*(1-a),8,20,0,0.8838,15.11857767,38.3868715,1.695190668,0.589355469,0.81211499
guide_mode=dynamic-two-0.5*a-0.5*(1-a)+scale=100+label=1,dynamic-two-0.5*a-0.5*(1-a),1,100,0,0.8633,76.03611866,88.09356444,2.02576232,0.456542969,0.823788546
guide_mode=dynamic-two-0.5*a-0.5*(1-a)+scale=100+label=4,dynamic-two-0.5*a-0.5*(1-a),4,100,0,0.9268,30.89030318,49.06842512,1.63614583,0.405273438,0.693482688
guide_mode=dynamic-two-0.5*a-0.5*(1-a)+scale=100+label=6,dynamic-two-0.5*a-0.5*(1-a),6,100,0,0.8296,36.22697357,47.89912226,1.679735661,0.388671875,0.645093946
guide_mode=dynamic-two-0.5*a-0.5*(1-a)+scale=100+label=8,dynamic-two-0.5*a-0.5*(1-a),8,100,0,0.9165,21.8943988,41.88778677,1.687671065,0.52734375,0.794661191
guide_mode=dynamic-two-0.5*a-0.5*(1-a)+scale=50+label=1,dynamic-two-0.5*a-0.5*(1-a),1,50,0,0.8198,68.95788561,81.861721,2.041231155,0.463867188,0.871365639
guide_mode=dynamic-two-0.5*a-0.5*(1-a)+scale=50+label=6,dynamic-two-0.5*a-0.5*(1-a),6,50,0,0.7988,32.26185229,47.12240307,1.731686711,0.409667969,0.725469729
guide_mode=dynamic-two-0.5*a-0.5*(1-a)+scale=50+label=4,dynamic-two-0.5*a-0.5*(1-a),4,50,0,0.9204,25.88713342,44.79467748,1.644403696,0.436523438,0.742362525
guide_mode=dynamic-two-0.5*a-0.5*(1-a)+scale=50+label=8,dynamic-two-0.5*a-0.5*(1-a),8,50,0,0.9185,18.4011818,39.07046888,1.661570549,0.546386719,0.811088296
guide_mode=dynamic-two-0.5*a-0.5*(1-a)+scale=20+label=1,dynamic-two-0.5*a-0.5*(1-a),1,20,0,0.7485,65.49943036,79.79069791,2.100629091,0.462890625,0.888105727
guide_mode=dynamic-two-0.5*a-0.5*(1-a)+scale=20+label=6,dynamic-two-0.5*a-0.5*(1-a),6,20,0,0.7109,30.37879847,47.68351781,1.764331102,0.369628906,0.794363257
guide_mode=dynamic-two-0.5*a-0.5*(1-a)+scale=20+label=4,dynamic-two-0.5*a-0.5*(1-a),4,20,0,0.8711,24.23979796,42.73021463,1.712754607,0.44921875,0.788187373
guide_mode=dynamic-two-0.5*a-0.5*(1-a)+scale=20+label=8,dynamic-two-0.5*a-0.5*(1-a),8,20,0,0.8936,18.22395407,40.30522326,1.703323364,0.560546875,0.802874743
guide_mode=manifold+scale=50+label=1,manifold,1,50,0,0.8916,81.13037287,94.84379907,2.087642193,0.502929688,0.744493392
guide_mode=manifold+scale=50+label=6,manifold,6,50,0,0.856,41.02400151,53.18281127,1.735554695,0.423828125,0.638830898
guide_mode=manifold+scale=50+label=4,manifold,4,50,0,0.9326,37.84677921,58.58836771,1.679830909,0.423339844,0.689409369
guide_mode=manifold+scale=50+label=8,manifold,8,50,0,0.9395,60.75501695,74.67745121,1.970800996,0.496582031,0.804928131
guide_mode=manifold+scale=20+label=1,manifold,1,20,0,0.9077,63.77159154,80.91348673,1.990102649,0.572753906,0.771806167
guide_mode=manifold+scale=20+label=6,manifold,6,20,0,0.8696,28.84574588,44.40418007,1.69546783,0.471191406,0.657620042
guide_mode=manifold+scale=20+label=4,manifold,4,20,0,0.9409,24.83531186,48.54783988,1.641206861,0.497558594,0.686354379
guide_mode=manifold+scale=20+label=8,manifold,8,20,0,0.9258,27.25937329,49.10043072,1.743392944,0.534667969,0.816221766
guide_mode=manifold+scale=5+label=1,manifold,1,5,0,0.8481,52.57029433,70.45650601,2.03012085,0.566894531,0.843171806
guide_mode=manifold+scale=5+label=6,manifold,6,5,0,0.8223,24.42713779,42.73295492,1.722799897,0.476074219,0.776617954
guide_mode=manifold+scale=5+label=4,manifold,4,5,0,0.9326,18.03107479,41.43360225,1.66341579,0.547851563,0.771894094
guide_mode=manifold+scale=5+label=8,manifold,8,5,0,0.9248,13.57476793,37.04595935,1.648299694,0.600097656,0.816221766
